{
    "fb-0-0.15-hidden": {
        "aa": {
            "test_roc": 0.9510428382806005,
            "test_ap": 0.9476549766728811,
            "runtime": 0.04465484619140625
        },
        "jc": {
            "test_roc": 0.8253826592987432,
            "test_ap": 0.8317784170341319,
            "runtime": 0.034500837326049805
        },
        "pa": {
            "test_roc": 0.849723702870556,
            "test_ap": 0.8607443284265742,
            "runtime": 0.0016827583312988281
        },
        "sc": {
            "test_roc": 0.4665081422074429,
            "test_ap": 0.5623534088903629,
            "val_roc": 0.530392684238838,
            "val_ap": 0.6167783529357089,
            "runtime": 1.0156941413879395
        },
        "n2v_edge_emb": {
            "test_roc": 0.932661743850555,
            "test_ap": 0.9103168334259198,
            "val_roc": 0.9504132231404959,
            "val_ap": 0.9394596896920964,
            "runtime": 2.561673402786255
        },
        "n2v_dot_prod": {
            "test_roc": 0.7960413712161964,
            "test_ap": 0.784130257771013,
            "val_roc": 0.8280111496894714,
            "val_ap": 0.8169755267575116,
            "runtime": 2.4783504009246826
        },
        "gae": {
            "test_roc": 0.9078316788106998,
            "test_ap": 0.9152028029257189,
            "val_roc": 0.8920240598562276,
            "val_ap": 0.8958304328006386,
            "val_roc_per_epoch": [
                0.8535869724680911,
                0.858477187148516,
                0.8535380703212871,
                0.8476698127047777,
                0.8496258985769476,
                0.859504132231405,
                0.8756907428236099,
                0.891094919066947,
                0.9019022935106851,
                0.907868355420803,
                0.9109491906694704,
                0.9127585701012274,
                0.9105579734950364,
                0.8949581886644823,
                0.872512103281334,
                0.8535869724680913,
                0.8446378796029145,
                0.837938285490733,
                0.8435131302264169,
                0.8352975695633039,
                0.8048315321042594,
                0.8021419140300259,
                0.8029243483788938,
                0.8010660668003325,
                0.8003814367450731,
                0.8019463054428089,
                0.8081568780869481,
                0.810161866105922,
                0.8019952075896132,
                0.7866399334930805,
                0.8030710548193066,
                0.8096239424910754,
                0.8072277372976673,
                0.8040979999021958,
                0.8072277372976675,
                0.8137806249694362,
                0.8225830113942002,
                0.8274732260746248,
                0.8251748251748251,
                0.816372438750061,
                0.8074233458848843,
                0.8114822240696367,
                0.8129981906205683,
                0.8165191451904739,
                0.8126069734461343,
                0.7960780478262997,
                0.7993544916621839,
                0.804538119223434,
                0.7912367352926793,
                0.8071299330040588,
                0.8066409115360165,
                0.7922147782287643,
                0.7854173798229742,
                0.7946109834221723,
                0.7904053987970072,
                0.7850750647953446,
                0.7983764487260991,
                0.8028265440852852,
                0.8014572839747666,
                0.7877646828695781,
                0.7875201721355567,
                0.8027287397916768,
                0.8243434886791529,
                0.8290380947723606,
                0.803560076287349,
                0.7871289549611228,
                0.8016039904151794,
                0.8166169494840824,
                0.8194532739987285,
                0.8169592645117121,
                0.8189642525306862,
                0.8169592645117121,
                0.8138784292630448,
                0.8183285246222308,
                0.8205291212284219,
                0.8191598611179031,
                0.8106997897207687,
                0.8045381192234339,
                0.8042936084894128,
                0.8103574746931391,
                0.8126558755929385,
                0.818377426769035,
                0.8208225341092473,
                0.8156389065479974,
                0.8141718421438701,
                0.8271309110469949,
                0.837938285490733,
                0.8428285001711575,
                0.8194043718519243,
                0.8016528925619835,
                0.804146902049,
                0.8061518900679738,
                0.8030710548193065,
                0.8195021761455329,
                0.8138295271162405,
                0.8285490733043179,
                0.8451269010709571,
                0.8506039415130324,
                0.8459093354198249,
                0.8286468775979264,
                0.8222406963665706,
                0.8279133453958629,
                0.8389163284268181,
                0.8376448726099075,
                0.812362462712113,
                0.79216587608196,
                0.7990610787813586,
                0.8274732260746247,
                0.8353953738569123,
                0.8391119370140349,
                0.8285979754511222,
                0.826103965964106,
                0.8325590493422662,
                0.8453225096581739,
                0.8420949679690939,
                0.8410680228862047,
                0.834319526627219,
                0.830945278497726,
                0.8296738226808157,
                0.8298205291212284,
                0.8364712210866058,
                0.8364223189398015,
                0.8269353024597781,
                0.8249792165876082,
                0.8312875935253556,
                0.8337327008655679,
                0.828500171157514,
                0.8268864003129738,
                0.828744681891535,
                0.8337327008655679,
                0.8382316983715585,
                0.8368624382610396,
                0.8368624382610397,
                0.8350041566824783,
                0.837938285490733,
                0.8382316983715585,
                0.8335859944251552,
                0.8338305051591766,
                0.8334392879847425,
                0.835933297471759,
                0.8421927722627023,
                0.8337327008655679,
                0.8382316983715586,
                0.8398943713629028,
                0.8456648246858036,
                0.8407257078585749,
                0.8410191207394005,
                0.8439043474008509,
                0.8486478556408626,
                0.8404811971245537,
                0.8403833928309452,
                0.8419971636754855,
                0.8411169250330089,
                0.8426328915839405,
                0.8268374981661694,
                0.8390630348672307,
                0.8596997408186219,
                0.8566678077167589,
                0.8293315076531861,
                0.8241967822387404,
                0.8260061616704973,
                0.8464472590346717,
                0.8589662086165584,
                0.8427795980243531,
                0.8130959949141767,
                0.811580028363245,
                0.8320700278742237,
                0.8619003374248131,
                0.8723653968409213,
                0.8560320798083038,
                0.8251748251748251,
                0.8159323194288229,
                0.8273754217810162,
                0.8537336789085042,
                0.8706538217027728,
                0.8578414592400606,
                0.839307545601252,
                0.8343195266272191,
                0.8401388820969241,
                0.8457626289794122,
                0.8445400753093061,
                0.8470340847963225,
